INSERT IGNORE INTO Booking (BookingId, GuestId, ExpectedCheckin, ExpectedCheckout, Status) VALUES ('BOK-0000000-0001', 'GST-00000001', '2026-07-22 14:00:00', '2026-07-25 12:00:00', 'CHECKED_IN');
INSERT IGNORE INTO RoomBooking (RoomBookingId, BookingId, RoomId, PriceAtBooking) VALUES ('RBK-0000000-0001', 'BOK-0000000-0001', '101', 500000);

-- Orders for Service Staff
INSERT IGNORE INTO `Order` (OrderId, EmployeeId, BookingId, TotalAmount, Status) VALUES ('ORD-0000000-0001', 'USR-00000004', 'BOK-0000000-0001', 100000, 'PENDING');
INSERT IGNORE INTO ServiceOrder_Service (OrderId, ServiceId, Quantity, PriceAtOrder) VALUES ('ORD-0000000-0001', 'SRV-00000001', 1, 100000);
INSERT IGNORE INTO `Order` (OrderId, EmployeeId, BookingId, TotalAmount, Status) VALUES ('ORD-0000000-0002', 'USR-00000004', 'BOK-0000000-0001', 100000, 'PENDING');
INSERT IGNORE INTO ServiceOrder_Service (OrderId, ServiceId, Quantity, PriceAtOrder) VALUES ('ORD-0000000-0002', 'SRV-00000001', 1, 100000);
INSERT IGNORE INTO `Order` (OrderId, EmployeeId, BookingId, TotalAmount, Status) VALUES ('ORD-0000000-0003', 'USR-00000004', 'BOK-0000000-0001', 100000, 'PENDING');
INSERT IGNORE INTO ServiceOrder_Service (OrderId, ServiceId, Quantity, PriceAtOrder) VALUES ('ORD-0000000-0003', 'SRV-00000001', 1, 100000);
INSERT IGNORE INTO `Order` (OrderId, EmployeeId, BookingId, TotalAmount, Status) VALUES ('ORD-0000000-0004', 'USR-00000004', 'BOK-0000000-0001', 100000, 'PENDING');
INSERT IGNORE INTO ServiceOrder_Service (OrderId, ServiceId, Quantity, PriceAtOrder) VALUES ('ORD-0000000-0004', 'SRV-00000001', 1, 100000);
INSERT IGNORE INTO `Order` (OrderId, EmployeeId, BookingId, TotalAmount, Status) VALUES ('ORD-0000000-0005', 'USR-00000004', 'BOK-0000000-0001', 100000, 'PENDING');
INSERT IGNORE INTO ServiceOrder_Service (OrderId, ServiceId, Quantity, PriceAtOrder) VALUES ('ORD-0000000-0005', 'SRV-00000001', 1, 100000);
INSERT IGNORE INTO `Order` (OrderId, EmployeeId, BookingId, TotalAmount, Status) VALUES ('ORD-0000000-0006', 'USR-00000004', 'BOK-0000000-0001', 100000, 'PENDING');
INSERT IGNORE INTO ServiceOrder_Service (OrderId, ServiceId, Quantity, PriceAtOrder) VALUES ('ORD-0000000-0006', 'SRV-00000001', 1, 100000);
INSERT IGNORE INTO `Order` (OrderId, EmployeeId, BookingId, TotalAmount, Status) VALUES ('ORD-0000000-0007', 'USR-00000004', 'BOK-0000000-0001', 100000, 'PENDING');
INSERT IGNORE INTO ServiceOrder_Service (OrderId, ServiceId, Quantity, PriceAtOrder) VALUES ('ORD-0000000-0007', 'SRV-00000001', 1, 100000);
INSERT IGNORE INTO `Order` (OrderId, EmployeeId, BookingId, TotalAmount, Status) VALUES ('ORD-0000000-0008', 'USR-00000004', 'BOK-0000000-0001', 100000, 'PENDING');
INSERT IGNORE INTO ServiceOrder_Service (OrderId, ServiceId, Quantity, PriceAtOrder) VALUES ('ORD-0000000-0008', 'SRV-00000001', 1, 100000);
INSERT IGNORE INTO `Order` (OrderId, EmployeeId, BookingId, TotalAmount, Status) VALUES ('ORD-0000000-0009', 'USR-00000004', 'BOK-0000000-0001', 100000, 'PENDING');
INSERT IGNORE INTO ServiceOrder_Service (OrderId, ServiceId, Quantity, PriceAtOrder) VALUES ('ORD-0000000-0009', 'SRV-00000001', 1, 100000);
INSERT IGNORE INTO `Order` (OrderId, EmployeeId, BookingId, TotalAmount, Status) VALUES ('ORD-0000000-0010', 'USR-00000004', 'BOK-0000000-0001', 100000, 'PENDING');
INSERT IGNORE INTO ServiceOrder_Service (OrderId, ServiceId, Quantity, PriceAtOrder) VALUES ('ORD-0000000-0010', 'SRV-00000001', 1, 100000);
INSERT IGNORE INTO `Order` (OrderId, EmployeeId, BookingId, TotalAmount, Status) VALUES ('ORD-0000000-0011', 'USR-00000004', 'BOK-0000000-0001', 100000, 'PENDING');
INSERT IGNORE INTO ServiceOrder_Service (OrderId, ServiceId, Quantity, PriceAtOrder) VALUES ('ORD-0000000-0011', 'SRV-00000001', 1, 100000);
INSERT IGNORE INTO `Order` (OrderId, EmployeeId, BookingId, TotalAmount, Status) VALUES ('ORD-0000000-0012', 'USR-00000004', 'BOK-0000000-0001', 100000, 'PENDING');
INSERT IGNORE INTO ServiceOrder_Service (OrderId, ServiceId, Quantity, PriceAtOrder) VALUES ('ORD-0000000-0012', 'SRV-00000001', 1, 100000);
INSERT IGNORE INTO `Order` (OrderId, EmployeeId, BookingId, TotalAmount, Status) VALUES ('ORD-0000000-0013', 'USR-00000004', 'BOK-0000000-0001', 100000, 'PENDING');
INSERT IGNORE INTO ServiceOrder_Service (OrderId, ServiceId, Quantity, PriceAtOrder) VALUES ('ORD-0000000-0013', 'SRV-00000001', 1, 100000);
INSERT IGNORE INTO `Order` (OrderId, EmployeeId, BookingId, TotalAmount, Status) VALUES ('ORD-0000000-0014', 'USR-00000004', 'BOK-0000000-0001', 100000, 'PENDING');
INSERT IGNORE INTO ServiceOrder_Service (OrderId, ServiceId, Quantity, PriceAtOrder) VALUES ('ORD-0000000-0014', 'SRV-00000001', 1, 100000);
INSERT IGNORE INTO `Order` (OrderId, EmployeeId, BookingId, TotalAmount, Status) VALUES ('ORD-0000000-0015', 'USR-00000004', 'BOK-0000000-0001', 100000, 'PENDING');
INSERT IGNORE INTO ServiceOrder_Service (OrderId, ServiceId, Quantity, PriceAtOrder) VALUES ('ORD-0000000-0015', 'SRV-00000001', 1, 100000);
INSERT IGNORE INTO `Order` (OrderId, EmployeeId, BookingId, TotalAmount, Status) VALUES ('ORD-0000000-0016', 'USR-00000004', 'BOK-0000000-0001', 100000, 'PENDING');
INSERT IGNORE INTO ServiceOrder_Service (OrderId, ServiceId, Quantity, PriceAtOrder) VALUES ('ORD-0000000-0016', 'SRV-00000001', 1, 100000);
INSERT IGNORE INTO `Order` (OrderId, EmployeeId, BookingId, TotalAmount, Status) VALUES ('ORD-0000000-0017', 'USR-00000004', 'BOK-0000000-0001', 100000, 'PENDING');
INSERT IGNORE INTO ServiceOrder_Service (OrderId, ServiceId, Quantity, PriceAtOrder) VALUES ('ORD-0000000-0017', 'SRV-00000001', 1, 100000);
INSERT IGNORE INTO `Order` (OrderId, EmployeeId, BookingId, TotalAmount, Status) VALUES ('ORD-0000000-0018', 'USR-00000004', 'BOK-0000000-0001', 100000, 'PENDING');
INSERT IGNORE INTO ServiceOrder_Service (OrderId, ServiceId, Quantity, PriceAtOrder) VALUES ('ORD-0000000-0018', 'SRV-00000001', 1, 100000);
INSERT IGNORE INTO `Order` (OrderId, EmployeeId, BookingId, TotalAmount, Status) VALUES ('ORD-0000000-0019', 'USR-00000004', 'BOK-0000000-0001', 100000, 'PENDING');
INSERT IGNORE INTO ServiceOrder_Service (OrderId, ServiceId, Quantity, PriceAtOrder) VALUES ('ORD-0000000-0019', 'SRV-00000001', 1, 100000);
INSERT IGNORE INTO `Order` (OrderId, EmployeeId, BookingId, TotalAmount, Status) VALUES ('ORD-0000000-0020', 'USR-00000004', 'BOK-0000000-0001', 100000, 'PENDING');
INSERT IGNORE INTO ServiceOrder_Service (OrderId, ServiceId, Quantity, PriceAtOrder) VALUES ('ORD-0000000-0020', 'SRV-00000001', 1, 100000);

-- Housekeeping requests (MaintenanceRequest)
INSERT IGNORE INTO MaintenanceRequest (RequestId, ReporterId, RoomId, Description, Status) VALUES ('MNT-0000000-0001', 'USR-00000005', '101', 'Yêu cầu dọn phòng 1', 'PENDING');
INSERT IGNORE INTO MaintenanceRequest (RequestId, ReporterId, RoomId, Description, Status) VALUES ('MNT-0000000-0002', 'USR-00000005', '101', 'Yêu cầu dọn phòng 2', 'PENDING');
INSERT IGNORE INTO MaintenanceRequest (RequestId, ReporterId, RoomId, Description, Status) VALUES ('MNT-0000000-0003', 'USR-00000005', '101', 'Yêu cầu dọn phòng 3', 'PENDING');
INSERT IGNORE INTO MaintenanceRequest (RequestId, ReporterId, RoomId, Description, Status) VALUES ('MNT-0000000-0004', 'USR-00000005', '101', 'Yêu cầu dọn phòng 4', 'PENDING');
INSERT IGNORE INTO MaintenanceRequest (RequestId, ReporterId, RoomId, Description, Status) VALUES ('MNT-0000000-0005', 'USR-00000005', '101', 'Yêu cầu dọn phòng 5', 'PENDING');
INSERT IGNORE INTO MaintenanceRequest (RequestId, ReporterId, RoomId, Description, Status) VALUES ('MNT-0000000-0006', 'USR-00000005', '101', 'Yêu cầu dọn phòng 6', 'PENDING');
INSERT IGNORE INTO MaintenanceRequest (RequestId, ReporterId, RoomId, Description, Status) VALUES ('MNT-0000000-0007', 'USR-00000005', '101', 'Yêu cầu dọn phòng 7', 'PENDING');
INSERT IGNORE INTO MaintenanceRequest (RequestId, ReporterId, RoomId, Description, Status) VALUES ('MNT-0000000-0008', 'USR-00000005', '101', 'Yêu cầu dọn phòng 8', 'PENDING');
INSERT IGNORE INTO MaintenanceRequest (RequestId, ReporterId, RoomId, Description, Status) VALUES ('MNT-0000000-0009', 'USR-00000005', '101', 'Yêu cầu dọn phòng 9', 'PENDING');
INSERT IGNORE INTO MaintenanceRequest (RequestId, ReporterId, RoomId, Description, Status) VALUES ('MNT-0000000-0010', 'USR-00000005', '101', 'Yêu cầu dọn phòng 10', 'PENDING');
INSERT IGNORE INTO MaintenanceRequest (RequestId, ReporterId, RoomId, Description, Status) VALUES ('MNT-0000000-0011', 'USR-00000005', '101', 'Yêu cầu dọn phòng 11', 'PENDING');
INSERT IGNORE INTO MaintenanceRequest (RequestId, ReporterId, RoomId, Description, Status) VALUES ('MNT-0000000-0012', 'USR-00000005', '101', 'Yêu cầu dọn phòng 12', 'PENDING');
INSERT IGNORE INTO MaintenanceRequest (RequestId, ReporterId, RoomId, Description, Status) VALUES ('MNT-0000000-0013', 'USR-00000005', '101', 'Yêu cầu dọn phòng 13', 'PENDING');
INSERT IGNORE INTO MaintenanceRequest (RequestId, ReporterId, RoomId, Description, Status) VALUES ('MNT-0000000-0014', 'USR-00000005', '101', 'Yêu cầu dọn phòng 14', 'PENDING');
INSERT IGNORE INTO MaintenanceRequest (RequestId, ReporterId, RoomId, Description, Status) VALUES ('MNT-0000000-0015', 'USR-00000005', '101', 'Yêu cầu dọn phòng 15', 'PENDING');
INSERT IGNORE INTO MaintenanceRequest (RequestId, ReporterId, RoomId, Description, Status) VALUES ('MNT-0000000-0016', 'USR-00000005', '101', 'Yêu cầu dọn phòng 16', 'PENDING');
INSERT IGNORE INTO MaintenanceRequest (RequestId, ReporterId, RoomId, Description, Status) VALUES ('MNT-0000000-0017', 'USR-00000005', '101', 'Yêu cầu dọn phòng 17', 'PENDING');
INSERT IGNORE INTO MaintenanceRequest (RequestId, ReporterId, RoomId, Description, Status) VALUES ('MNT-0000000-0018', 'USR-00000005', '101', 'Yêu cầu dọn phòng 18', 'PENDING');
INSERT IGNORE INTO MaintenanceRequest (RequestId, ReporterId, RoomId, Description, Status) VALUES ('MNT-0000000-0019', 'USR-00000005', '101', 'Yêu cầu dọn phòng 19', 'PENDING');
INSERT IGNORE INTO MaintenanceRequest (RequestId, ReporterId, RoomId, Description, Status) VALUES ('MNT-0000000-0020', 'USR-00000005', '101', 'Yêu cầu dọn phòng 20', 'PENDING');
